cell,seed,status,robust,epsilon,delta,log_return_pa,max_drawdown,volatility,down_deviation,sortino,sharpe,spx_log_return_pa,spx_max_drawdown,spx_volatility,spx_down_deviation,spx_sortino,spx_sharpe,eval_mean_log_return_pa,eval_mean_return_vol,eval_mean_downside_dev,eval_mean_sortino,eval_mean_sharpe,env_mean_log_return_pa,env_mean_return_vol,env_mean_downside_dev,env_mean_sortino,env_mean_sharpe
dqn,1,ok,False,,,0.06245124340057372,-0.1655869553613074,0.1385808571653344,0.0933494476352179,0.4134061154604954,0.2784744828155953,0.12280427160357121,-0.2542509661923039,0.1695108896877881,0.1198044634997844,0.8278882784863759,0.5851229453429376,0.21265347226918171,0.1085868354080754,0.0683649223947036,2.770171003748187,1.740147680375436,0.10069612118837644,0.1395962450510321,0.0989425748367778,0.7906549361393533,0.5565999630636497
dqn,2,ok,False,,,0.0639933407306671,-0.2586741601463976,0.1629486178306721,0.1156470633262715,0.3470859744892234,0.2463320904822082,0.12280427160357121,-0.2542509661923039,0.1695108896877881,0.1198044634997844,0.8278882784863759,0.5851229453429376,0.29911562693204813,0.1349554678413202,0.0870546909253674,3.174908187730866,2.0446841422217683,0.10069612118837644,0.1395962450510321,0.0989425748367778,0.7906549361393533,0.5565999630636497
dqn,3,ok,False,,,0.09147011041641234,-0.1398958616399733,0.1449265547517832,0.097963385413427,0.691336995687511,0.4673105813844169,0.12280427160357121,-0.2542509661923039,0.1695108896877881,0.1198044634997844,0.8278882784863759,0.5851229453429376,0.27731250515944667,0.1161403232757327,0.0725577263890404,3.504801732264397,2.1863207978102026,0.10069612118837644,0.1395962450510321,0.0989425748367778,0.7906549361393533,0.5565999630636497
dqn,4,ok,False,,,0.12216930389404297,-0.1913749072097246,0.1694038834569116,0.1201344488826723,0.8203077010550681,0.5817293651684693,0.12280427160357121,-0.2542509661923039,0.1695108896877881,0.1198044634997844,0.8278882784863759,0.5851229453429376,0.18130695219520185,0.1390286869898382,0.095056397604152,1.667117235705007,1.1369703604219483,0.10069612118837644,0.1395962450510321,0.0989425748367778,0.7906549361393533,0.5565999630636497
dqn,5,ok,False,,,0.05381734967231751,-0.1315011510250509,0.1138534065940985,0.0748456316921447,0.3997954207815379,0.2628198989486542,0.12280427160357121,-0.2542509661923039,0.1695108896877881,0.1198044634997844,0.8278882784863759,0.5851229453429376,0.18575260107465785,0.0808076066556954,0.0509934926788558,3.191194503517055,2.0086728192881753,0.10069612118837644,0.1395962450510321,0.0989425748367778,0.7906549361393533,0.5565999630636497
epsilon0.002_delta5e-05,1,ok,True,0.002,5e-05,0.1023533821105957,-0.1442911153294036,0.1459998026120436,0.1028525191034772,0.7647099418375319,0.5387154125849184,0.12280427160357121,-0.2542509661923039,0.1695108896877881,0.1198044634997844,0.8278882784863759,0.5851229453429376,0.20413354146394797,0.1211788840376355,0.0804820877206248,2.2521356091651477,1.4921741315589354,0.10069612118837644,0.1395962450510321,0.0989425748367778,0.7906549361393533,0.5565999630636497
epsilon0.002_delta5e-05,2,ok,True,0.002,5e-05,0.06800243258476256,-0.0686002342361028,0.0830104154886985,0.0562779629126946,0.7847572249822046,0.5320361034577694,0.12280427160357121,-0.2542509661923039,0.1695108896877881,0.1198044634997844,0.8278882784863759,0.5851229453429376,0.1313820845789189,0.0596909248008872,0.0383107168423118,2.8302363725612767,1.808942212402021,0.10069612118837644,0.1395962450510321,0.0989425748367778,0.7906549361393533,0.5565999630636497
epsilon0.002_delta5e-05,3,ok,True,0.002,5e-05,0.08744869232177735,-0.13740660544388,0.1124005812800619,0.0734785488778027,0.866760079657298,0.5666187145397281,0.12280427160357121,-0.2542509661923039,0.1695108896877881,0.1198044634997844,0.8278882784863759,0.5851229453429376,0.20426379690924995,0.0825240786073113,0.049365958168054,3.68081031447438,2.1918251323012345,0.10069612118837644,0.1395962450510321,0.0989425748367778,0.7906549361393533,0.5565999630636497
epsilon0.002_delta5e-05,4,ok,True,0.002,5e-05,0.07700597643852233,-0.1157806619706308,0.0961084601122248,0.0645277569456959,0.8245126604074621,0.553582405620652,0.12280427160357121,-0.2542509661923039,0.1695108896877881,0.1198044634997844,0.8278882784863759,0.5851229453429376,0.11260580673492211,0.0679418460795572,0.045442968455637,1.9666419588442443,1.3115681818666576,0.10069612118837644,0.1395962450510321,0.0989425748367778,0.7906549361393533,0.5565999630636497
epsilon0.002_delta5e-05,5,ok,True,0.002,5e-05,0.06163878440856933,-0.1174408814909006,0.1097569179965963,0.0725548190549419,0.5206482097107046,0.3441745389389585,0.12280427160357121,-0.2542509661923039,0.1695108896877881,0.1198044634997844,0.8278882784863759,0.5851229453429376,0.1826572761261206,0.0737605695285577,0.0437522813494712,3.65771105350954,2.158727870242382,0.10069612118837644,0.1395962450510321,0.0989425748367778,0.7906549361393533,0.5565999630636497
epsilon0.003_delta5e-05,1,ok,True,0.003,5e-05,0.06149165034294128,-0.0953991635819385,0.0875260341131046,0.057444313777984,0.6550311756728849,0.4299042767217221,0.12280427160357121,-0.2542509661923039,0.1695108896877881,0.1198044634997844,0.8278882784863759,0.5851229453429376,0.134164583768776,0.0600721914082821,0.0387737384166337,2.8623291277485334,1.8419224519233743,0.10069612118837644,0.1395962450510321,0.0989425748367778,0.7906549361393533,0.5565999630636497
epsilon0.003_delta5e-05,2,ok,True,0.003,5e-05,0.05571594834327698,-0.0798492077102281,0.0757022440352859,0.0547425677356419,0.5814324198093548,0.4204512565080077,0.12280427160357121,-0.2542509661923039,0.1695108896877881,0.1198044634997844,0.8278882784863759,0.5851229453429376,0.12102591905662481,0.0554794271468705,0.0354499336724619,2.762674301500383,1.757933445644617,0.10069612118837644,0.1395962450510321,0.0989425748367778,0.7906549361393533,0.5565999630636497
epsilon0.003_delta5e-05,3,ok,True,0.003,5e-05,0.061571955680847154,-0.1135048271331842,0.0840256680455573,0.0540745444914304,0.6973418273580115,0.4487728874557864,0.12280427160357121,-0.2542509661923039,0.1695108896877881,0.1198044634997844,0.8278882784863759,0.5851229453429376,0.11913075721521171,0.0508154442010063,0.0303473347117429,3.1789108241708655,1.8831568335538704,0.10069612118837644,0.1395962450510321,0.0989425748367778,0.7906549361393533,0.5565999630636497
epsilon0.003_delta5e-05,4,ok,True,0.003,5e-05,0.07261987924575805,-0.0703359768667535,0.0641366442055025,0.04376069930843,1.1151645571726252,0.7608814192006483,0.12280427160357121,-0.2542509661923039,0.1695108896877881,0.1198044634997844,0.8278882784863759,0.5851229453429376,0.11374271173271344,0.046250803992668,0.0282963545911001,3.2081364305305216,1.951418109042492,0.10069612118837644,0.1395962450510321,0.0989425748367778,0.7906549361393533,0.5565999630636497
epsilon0.003_delta5e-05,5,ok,True,0.003,5e-05,0.086872398853302,-0.179875640646864,0.1218939590442828,0.0834222226804718,0.756509253676486,0.5177425027036021,0.12280427160357121,-0.2542509661923039,0.1695108896877881,0.1198044634997844,0.8278882784863759,0.5851229453429376,0.20255231171203172,0.0883513595509529,0.0540106644044768,3.3312299571049406,2.0279317582359795,0.10069612118837644,0.1395962450510321,0.0989425748367778,0.7906549361393533,0.5565999630636497
epsilon0.002_delta0.0001,1,ok,True,0.002,0.0001,0.08691800236701964,-0.1216980911457156,0.1271616133191675,0.0871496622049901,0.7246782950518929,0.4966551380764923,0.12280427160357121,-0.2542509661923039,0.1695108896877881,0.1198044634997844,0.8278882784863759,0.5851229453429376,0.22935224093979212,0.0983103054612224,0.0614784373919128,3.364768046579602,2.096832080319741,0.10069612118837644,0.1395962450510321,0.0989425748367778,0.7906549361393533,0.5565999630636497
epsilon0.002_delta0.0001,2,ok,True,0.002,0.0001,0.060234177112579335,-0.148659752424452,0.1102780668035724,0.077361342242686,0.4700711266328078,0.3297603445535519,0.12280427160357121,-0.2542509661923039,0.1695108896877881,0.1198044634997844,0.8278882784863759,0.5851229453429376,0.18701796909030394,0.0797573367671845,0.0496024511951065,3.3137670518158355,2.0526448857964237,0.10069612118837644,0.1395962450510321,0.0989425748367778,0.7906549361393533,0.5565999630636497
epsilon0.002_delta0.0001,3,ok,True,0.002,0.0001,0.038082525134086595,-0.1450153842179485,0.0992298339247179,0.0650051115994954,0.2172971845789851,0.1423506134710407,0.12280427160357121,-0.2542509661923039,0.1695108896877881,0.1198044634997844,0.8278882784863759,0.5851229453429376,0.16674257868485484,0.0673903693843909,0.0407429767456603,3.5304013496069593,2.125462630915244,0.10069612118837644,0.1395962450510321,0.0989425748367778,0.7906549361393533,0.5565999630636497
epsilon0.002_delta0.0001,4,ok,True,0.002,0.0001,0.06385263204574584,-0.1791497245341381,0.1157117652776285,0.0806175525256209,0.4961475899607924,0.3456710240152006,0.12280427160357121,-0.2542509661923039,0.1695108896877881,0.1198044634997844,0.8278882784863759,0.5851229453429376,0.19216096658500836,0.0869606538839749,0.0557589401100822,3.036750565590239,1.9418309932229476,0.10069612118837644,0.1395962450510321,0.0989425748367778,0.7906549361393533,0.5565999630636497
epsilon0.002_delta0.0001,5,ok,True,0.002,0.0001,0.0781913161277771,-0.1543194538616892,0.1099983416764709,0.0720937444201281,0.7544900760123608,0.4944984976913814,0.12280427160357121,-0.2542509661923039,0.1695108896877881,0.1198044634997844,0.8278882784863759,0.5851229453429376,0.17913773763094015,0.0781902695055005,0.0485362894045479,3.22002019808031,1.991624785824753,0.10069612118837644,0.1395962450510321,0.0989425748367778,0.7906549361393533,0.5565999630636497
epsilon0.003_delta0.0001,1,ok,True,0.003,0.0001,0.06442537903785706,-0.093276938899331,0.0793488197571997,0.0559381040970506,0.7253237109425233,0.5113274951147646,0.12280427160357121,-0.2542509661923039,0.1695108896877881,0.1198044634997844,0.8278882784863759,0.5851229453429376,0.1204983536288035,0.0642189048191086,0.0428484334799372,2.2689774883007483,1.509773687518289,0.10069612118837644,0.1395962450510321,0.0989425748367778,0.7906549361393533,0.5565999630636497
epsilon0.003_delta0.0001,2,ok,True,0.003,0.0001,0.07422520518302918,-0.0929438344392218,0.0901973481459605,0.0581950986295644,0.8662602815553266,0.5589089209408672,0.12280427160357121,-0.2542509661923039,0.1695108896877881,0.1198044634997844,0.8278882784863759,0.5851229453429376,0.12182619074265734,0.0558749604338083,0.0319496654442456,3.1044376305187336,1.7578501447163504,0.10069612118837644,0.1395962450510321,0.0989425748367778,0.7906549361393533,0.5565999630636497
epsilon0.003_delta0.0001,3,ok,True,0.003,0.0001,0.06184307932853698,-0.1743942335533723,0.0975537812998124,0.0653955908254777,0.5807829704016396,0.3893303261517368,0.12280427160357121,-0.2542509661923039,0.1695108896877881,0.1198044634997844,0.8278882784863759,0.5851229453429376,0.15226094842814714,0.0681624667962506,0.041448945329905,3.1237912109696215,1.8896736573861903,0.10069612118837644,0.1395962450510321,0.0989425748367778,0.7906549361393533,0.5565999630636497
epsilon0.003_delta0.0001,4,ok,True,0.003,0.0001,0.0679503858089447,-0.1225308014069881,0.1026117721522092,0.066638947014948,0.6619594973436813,0.4298949617992491,0.12280427160357121,-0.2542509661923039,0.1695108896877881,0.1198044634997844,0.8278882784863759,0.5851229453429376,0.13947483446958253,0.0655220321724869,0.0387904880465154,3.01979468284182,1.7722178377541664,0.10069612118837644,0.1395962450510321,0.0989425748367778,0.7906549361393533,0.5565999630636497
epsilon0.003_delta0.0001,5,ok,True,0.003,0.0001,0.0408860683441162,-0.0854651599463781,0.094321460455184,0.0623972176872304,0.2714887148272665,0.179600065106629,0.12280427160357121,-0.2542509661923039,0.1695108896877881,0.1198044634997844,0.8278882784863759,0.5851229453429376,0.1213254002358416,0.0553815988898431,0.031395235038789,3.146549444924748,1.7644669241847917,0.10069612118837644,0.1395962450510321,0.0989425748367778,0.7906549361393533,0.5565999630636497
epsilon0.003_delta0.0003,1,ok,True,0.003,0.0003,0.07411551475524902,-0.1152133895652142,0.1012051203554531,0.0671211236647162,0.7494209324298351,0.4970299418238821,0.12280427160357121,-0.2542509661923039,0.1695108896877881,0.1198044634997844,0.8278882784863759,0.5851229453429376,0.16598272666656713,0.0676714321414479,0.0416944303024613,3.438456110609146,2.1078764518834743,0.10069612118837644,0.1395962450510321,0.0989425748367778,0.7906549361393533,0.5565999630636497
epsilon0.003_delta0.0003,2,ok,True,0.003,0.0003,0.0462172508239746,-0.107352788096615,0.1006041979648051,0.0669705888360551,0.3328709374792918,0.2215868039343307,0.12280427160357121,-0.2542509661923039,0.1695108896877881,0.1198044634997844,0.8278882784863759,0.5851229453429376,0.14179706573486328,0.0625417894196367,0.0363472438251876,3.2884601816420926,1.8936837085375011,0.10069612118837644,0.1395962450510321,0.0989425748367778,0.7906549361393533,0.5565999630636497
epsilon0.003_delta0.0003,3,ok,True,0.003,0.0003,0.0794659435749054,-0.0995864489834511,0.1020710841679027,0.0660352497773614,0.8430909330909104,0.5454406681926293,0.12280427160357121,-0.2542509661923039,0.1695108896877881,0.1198044634997844,0.8278882784863759,0.5851229453429376,0.1595932288135556,0.0669502851468991,0.0388640734296296,3.5256250697228375,2.032520693983254,0.10069612118837644,0.1395962450510321,0.0989425748367778,0.7906549361393533,0.5565999630636497
epsilon0.003_delta0.0003,4,ok,True,0.003,0.0003,0.06165841817855834,-0.1261050402563827,0.0744232859098563,0.0497972024709871,0.7589833718277662,0.5078417081019303,0.12280427160357121,-0.2542509661923039,0.1695108896877881,0.1198044634997844,0.8278882784863759,0.5851229453429376,0.12652414308177481,0.0484499400118311,0.0291315092733097,3.5675456813074793,2.1301168301306292,0.10069612118837644,0.1395962450510321,0.0989425748367778,0.7906549361393533,0.5565999630636497
epsilon0.003_delta0.0003,5,ok,True,0.003,0.0003,0.07419353723526,-0.1432861313336767,0.1120516897499655,0.0736590660136464,0.6839661583512483,0.4496166771024555,0.12280427160357121,-0.2542509661923039,0.1695108896877881,0.1198044634997844,0.8278882784863759,0.5851229453429376,0.17703082064072861,0.0763622831276738,0.0454083963575842,3.3993783364096024,2.0106158836890335,0.10069612118837644,0.1395962450510321,0.0989425748367778,0.7906549361393533,0.5565999630636497
